0,0,382.83000000,1.549,25011.20063080,25092.00000000,0.19482800,25105.84000000,0.00482000,25112.50000000,0.00364400,24709.17000000,25490.18000000,24446.44000000,90.54392800,2264612.34910870
25112.50000000,25105.84000000,382.83000000,1.549,25011.20063080,25092.00000000,0.19482800,25105.84000000,0.00482000,25112.50000000,0.00364400,24709.17000000,25490.18000000,24446.44000000,90.54392800,2264612.34910870
25112.50000000,25105.84000000,504.10000000,2.042,25014.33936337,25193.15000000,0.01294400,25204.21000000,0.00493700,25209.14000000,0.00001500,24689.05000000,25490.18000000,24446.44000000,90.52481100,2264418.34315909
25209.14000000,25204.21000000,555.11000000,2.249,25017.83171187,25241.85000000,0.00404100,25200.70000000,0.00342500,25207.54000000,0.00476100,24686.74000000,25490.18000000,24446.44000000,90.19328500,2256440.42567063
25207.54000000,25200.70000000,553.30000000,2.238,25021.29238610,25275.36000000,0.00411300,25285.37000000,0.00384000,25292.12000000,0.00344900,24722.06000000,25490.18000000,24446.44000000,90.60021100,2266934.36967316
25292.12000000,25285.37000000,586.07000000,2.373,25024.80523709,25283.31000000,0.00131500,25279.41000000,0.00418600,25283.31000000,0.16531000,24697.24000000,25490.18000000,24446.44000000,89.77215800,2246530.76966298
25283.31000000,25279.41000000,445.99000000,1.798,25032.13829556,25254.21000000,0.00487100,25239.27000000,0.00417000,25246.91000000,0.00390900,24808.22000000,25490.18000000,24446.44000000,89.90164200,2250430.33554185
25246.91000000,25239.27000000,463.21000000,1.863,25036.20677275,25323.51000000,0.00300000,25325.82000000,0.00409300,25331.76000000,0.00398900,24860.30000000,25490.18000000,24446.44000000,91.06112800,2279825.22956752
25331.76000000,25325.82000000,704.68000000,2.859,25040.17003964,25350.42000000,0.00419300,25370.42000000,0.23164300,25374.59000000,0.00431800,24645.74000000,25490.18000000,24446.44000000,90.86562600,2275290.72579865
25374.59000000,25370.42000000,708.63000000,2.874,25050.43804333,25361.42000000,0.00398300,25372.89000000,0.00342700,25379.08000000,0.00370800,24652.79000000,25490.18000000,24446.44000000,92.09916700,2307124.47677557
25379.08000000,25372.89000000,636.60000000,2.575,25053.10217474,25354.95000000,0.00221100,25362.45000000,0.00343900,25369.89000000,0.00406500,24718.35000000,25490.18000000,24446.44000000,92.64250400,2320982.11843620
25369.89000000,25362.45000000,828.55000000,3.358,25065.81276866,25499.99000000,0.00300000,25528.08000000,0.00383500,25534.55000000,0.00363100,24671.44000000,25521.31000000,24446.44000000,93.55385000,2345003.28788744
25534.55000000,25528.08000000,1002.83000000,4.080,25079.27659923,25581.55000000,0.03194300,25575.26000000,0.00375100,25578.85000000,0.16579900,24578.72000000,25631.27000000,24446.44000000,95.25327800,2388883.30594576
25578.85000000,25575.26000000,1045.78000000,4.263,25092.11289113,25574.58000000,0.00485700,25563.01000000,0.00382100,25569.24000000,0.00453700,24528.80000000,25645.00000000,24519.21000000,96.33897600,2417348.46160762
25569.24000000,25563.01000000,1109.68000000,4.513,25096.41926386,25700.00000000,0.03694300,25698.71000000,0.00350200,25700.00000000,0.07416100,24590.32000000,25700.00000000,24519.21000000,97.08229700,2436418.02861058
25700.00000000,25698.71000000,1161.27000000,4.711,25100.92103723,25813.39000000,0.02526300,25806.77000000,0.00371600,25813.39000000,0.16574900,24652.12000000,25831.04000000,24519.21000000,97.62631800,2450510.49927397
25813.39000000,25806.77000000,1189.30000000,4.824,25109.95865260,25845.03000000,0.00300300,25845.03000000,0.18810100,25891.76000000,0.00443400,24655.73000000,25884.33000000,24519.21000000,98.48495600,2472953.17306280
25891.76000000,25845.03000000,1294.93000000,5.266,25119.75292017,25886.23000000,0.02489100,25886.23000000,0.47510900,25938.06000000,0.00064500,24591.30000000,25936.76000000,24519.21000000,99.62349600,2502517.60456381
25938.06000000,25886.23000000,1444.82000000,5.847,25172.18116647,26153.79000000,0.00405700,26134.43000000,0.16376800,26162.99000000,0.23358200,24708.97000000,26260.37000000,24519.21000000,104.49678800,2630412.07885023
26162.99000000,26134.43000000,1446.32000000,5.834,25200.98126589,26237.37000000,0.00057700,26199.72000000,0.00421300,26205.90000000,0.00395600,24791.05000000,26380.37000000,24519.21000000,106.54345000,2684999.48745381
26205.90000000,26199.72000000,1595.08000000,6.458,25216.77738080,26295.07000000,0.00300000,26284.67000000,0.00409300,26296.39000000,0.00305500,24699.99000000,26380.37000000,24519.21000000,108.13892100,2726915.09705716
26296.39000000,26284.67000000,1808.05000000,7.340,25261.47322086,26440.13000000,0.00300300,26436.24000000,0.21533400,26439.34000000,0.00410700,24632.08000000,26492.44000000,24519.21000000,111.33821700,2812567.38720336
26439.34000000,26436.24000000,1985.03000000,8.059,25333.33543646,26615.87000000,0.19637000,26530.16000000,0.00037700,26573.66000000,0.16644300,24630.84000000,27000.00000000,24519.21000000,116.71692900,2956829.11347039
26573.66000000,26530.16000000,2237.65000000,9.053,25428.47407198,26956.00000000,0.01150300,26913.73000000,0.20099300,26963.41000000,0.17896000,24718.35000000,27015.82000000,24519.21000000,124.11032200,3155936.10504270
26963.41000000,26913.73000000,2082.88000000,8.419,25463.50442988,26822.36000000,0.09565600,26837.06000000,0.00468900,26842.91000000,0.17798400,24739.48000000,27015.82000000,24519.21000000,127.14371600,3237524.57559789
26842.91000000,26837.06000000,1854.13000000,7.504,25527.59457101,26562.07000000,0.00434800,26556.07000000,0.00319500,26588.03000000,0.22897400,24707.94000000,27015.82000000,24519.21000000,135.81086300,3466924.64900276
26588.03000000,26556.07000000,1575.81000000,6.366,25564.91203324,26330.09000000,0.00300000,26330.09000000,0.20619600,26399.16000000,0.00041600,24754.28000000,27015.82000000,24519.21000000,140.97812500,3604093.36423628
26399.16000000,26330.09000000,1929.99000000,7.827,25590.66809622,26589.53000000,0.00324600,26597.35000000,0.18895900,26623.13000000,0.18358500,24659.54000000,27015.82000000,24519.21000000,143.41887300,3670184.77767676
26623.13000000,26597.35000000,2124.59000000,8.656,25598.39502864,26670.48000000,0.00355100,26673.20000000,0.00308300,26675.03000000,0.00436500,24545.89000000,27015.82000000,24545.89000000,144.28293100,3693411.46362802
26675.03000000,26673.20000000,1770.28000000,7.187,25607.02447817,26402.02000000,0.00362100,26395.75000000,0.00041400,26398.21000000,0.00465100,24631.74000000,27015.82000000,24601.56000000,144.78472100,3707505.89471223
26398.21000000,26395.75000000,1520.13000000,6.156,25616.37173803,26213.77000000,0.00294100,26231.25000000,0.18694000,26280.15000000,0.19608500,24693.64000000,27015.82000000,24601.56000000,146.37011600,3749471.30279471
26280.15000000,26231.25000000,1625.03000000,6.574,25626.12296699,26344.85000000,0.00381700,26363.34000000,0.00362100,26370.23000000,0.00423600,24719.82000000,27015.82000000,24601.56000000,149.46745900,3830271.48389798
26370.23000000,26363.34000000,1705.91000000,6.907,25634.61736242,26403.27000000,0.00381300,26402.30000000,0.00436000,26403.63000000,0.00193900,24697.36000000,27015.82000000,24601.56000000,149.31388300,3827604.25760164
26403.63000000,26402.30000000,1832.51000000,7.409,25649.76955346,26565.04000000,0.00380500,26552.22000000,0.18151600,26571.88000000,0.17305700,24732.53000000,27015.82000000,24601.56000000,151.78871100,3893345.45796712
26571.88000000,26552.22000000,1825.02000000,7.395,25655.33173937,26502.80000000,0.01113000,26504.69000000,0.01113000,26565.14000000,0.17517200,24677.78000000,27015.82000000,24601.56000000,152.69060300,3917328.07344935
26565.14000000,26504.69000000,1706.65000000,6.925,25668.64306302,26353.09000000,0.00300600,26366.15000000,0.16617000,26404.36000000,0.17994800,24646.44000000,27015.82000000,24601.56000000,154.54169300,3966875.55597249
26404.36000000,26366.15000000,1619.51000000,6.567,25675.35988642,26282.57000000,0.00446300,26255.93000000,0.00425200,26261.79000000,0.00334500,24663.06000000,27015.82000000,24601.56000000,155.72432900,3998278.19014563
26261.79000000,26255.93000000,1772.56000000,7.185,25678.73430318,26442.99000000,0.00315400,26413.94000000,0.00395500,26420.90000000,0.00405500,24670.43000000,27015.82000000,24601.56000000,156.56634800,4020425.65111053
26420.90000000,26413.94000000,1397.33000000,5.647,25683.75091493,26142.95000000,0.00416100,26141.64000000,0.00382500,26206.43000000,0.42837500,24745.62000000,27015.82000000,24601.56000000,157.08189100,4034452.16168973
26206.43000000,26141.64000000,1595.44000000,6.460,25687.91598175,26293.28000000,0.00383000,26303.64000000,0.00436300,26310.56000000,0.00397600,24697.84000000,27015.82000000,24601.56000000,158.01667400,4059119.04542798
26310.56000000,26303.64000000,1714.13000000,6.949,25691.58621457,26382.34000000,0.00303300,26360.31000000,0.19677700,26365.20000000,0.00348300,24668.21000000,27015.82000000,24601.56000000,158.03689000,4060218.38451797
26365.20000000,26360.31000000,1670.21000000,6.771,25695.19957765,26338.42000000,0.00530600,26347.01000000,0.00325700,26353.71000000,0.00474000,24668.21000000,27015.82000000,24601.56000000,158.96153100,4084548.26421304
26353.71000000,26347.01000000,1628.29000000,6.608,25705.07321804,26268.62000000,0.00417700,26245.46000000,0.20879200,26280.49000000,0.17901200,24640.33000000,27015.82000000,24640.33000000,158.35342500,4070486.38395210
26280.49000000,26245.46000000,1786.57000000,7.222,25706.99471229,26526.05000000,0.00312000,26500.71000000,0.00312500,26505.11000000,0.17910900,24739.48000000,27015.82000000,24649.19000000,158.69766300,4079639.98359414
26505.11000000,26500.71000000,1774.58000000,7.156,25721.28423124,26574.58000000,0.00097900,26573.25000000,0.00494500,26574.58000000,0.16733300,24800.00000000,27015.82000000,24649.19000000,156.84699900,4034306.24209662
26574.58000000,26573.25000000,1731.96000000,6.971,25728.14088325,26576.06000000,0.00331400,26606.09000000,0.21618900,26607.43000000,0.00417900,24844.10000000,27015.82000000,24649.19000000,157.64241900,4055846.36520785
26607.43000000,26606.09000000,1766.14000000,7.103,25733.50216609,26631.51000000,0.00461600,26605.41000000,0.00326500,26611.96000000,0.00347000,24865.37000000,27015.82000000,24649.19000000,158.31903600,4074103.25583970
26611.96000000,26605.41000000,1704.47000000,6.815,25746.64742195,26716.83000000,0.00503200,26716.83000000,0.23200600,26738.97000000,0.65609700,25012.36000000,27015.82000000,24649.19000000,157.81224700,4063136.28237397
26738.97000000,26716.83000000,1648.16000000,6.604,25757.00040342,26605.80000000,0.00300300,26637.21000000,0.00375100,26644.12000000,0.00433100,24957.64000000,27015.82000000,24649.19000000,158.09469000,4072044.99410840
26644.12000000,26637.21000000,1693.89000000,6.789,25762.63622366,26646.06000000,0.16185300,26576.15000000,0.00334500,26582.64000000,0.00350600,24952.17000000,27015.82000000,24649.19000000,158.73900700,4089535.29184660
26582.64000000,26576.15000000,1658.55000000,6.670,25772.08304358,26523.70000000,0.00391500,26526.00000000,0.21110500,26564.04000000,0.23004400,24865.15000000,27015.82000000,24649.19000000,160.10735600,4126300.07472038
26564.04000000,26526.00000000,1689.40000000,6.817,25776.99373495,26470.64000000,0.00045900,26460.50000000,0.00417400,26467.31000000,0.00384200,24781.24000000,27015.82000000,24649.19000000,161.07094200,4151924.66281668
26467.31000000,26460.50000000,1830.12000000,7.404,25778.60490106,26547.41000000,0.00324600,26546.08000000,0.00329700,26547.41000000,0.02000000,24717.29000000,27015.82000000,24650.43000000,160.90089700,4147800.65198866
26547.41000000,26546.08000000,1853.54000000,7.493,25788.22875445,26589.66000000,0.00351400,26587.48000000,0.00358700,26588.81000000,0.05410000,24736.12000000,27015.82000000,24670.50000000,160.31237900,4134172.30182145
26588.81000000,26587.48000000,1933.05000000,7.811,25807.48133510,26682.04000000,0.00492000,26682.07000000,0.00306200,26688.49000000,0.00385500,24748.99000000,27015.82000000,24670.50000000,158.21324500,4083085.36730356
26688.49000000,26682.07000000,1856.76000000,7.476,25819.17938681,26691.83000000,0.00453000,26690.99000000,0.00385600,26697.34000000,0.00333800,24835.07000000,27015.82000000,24670.50000000,157.20575500,4058923.58898335
26697.34000000,26690.99000000,2055.52000000,8.287,25830.29990883,26860.00000000,0.00046000,26904.04000000,0.00317200,26910.65000000,0.00430900,24804.48000000,27015.82000000,24670.50000000,156.66952300,4046820.76566284
26910.65000000,26904.04000000,2256.61000000,9.146,25876.88534257,26929.57000000,0.00334000,26935.30000000,0.00435300,26943.69000000,0.00327200,24672.96000000,27015.82000000,24670.50000000,151.38363200,3917336.88800611
26943.69000000,26935.30000000,2158.04000000,8.704,25895.34577739,26951.02000000,0.00068800,26968.38000000,0.00384000,26975.60000000,0.45284700,24792.98000000,27015.82000000,24758.15000000,151.79044900,3930666.16256094
26975.60000000,26968.38000000,1864.54000000,7.485,25913.95012030,26776.21000000,0.00619800,26739.74000000,0.00409100,26757.68000000,0.17715400,24911.67000000,27015.82000000,24886.89000000,149.77230300,3881191.98934394
26757.68000000,26739.74000000,1821.00000000,7.260,25949.73413893,26903.06000000,0.00193100,26896.36000000,0.00430200,26908.34000000,0.00463300,25082.06000000,27015.82000000,24978.96000000,152.78477000,3964724.16197706
26908.34000000,26896.36000000,1606.48000000,6.404,26022.86824514,26693.17000000,0.00328600,26691.83000000,0.18432300,26700.44000000,0.22162900,25086.69000000,27015.82000000,25000.00000000,147.33948500,3834196.00546166
26700.44000000,26691.83000000,1676.39000000,6.699,26044.95060614,26702.14000000,0.02633000,26626.85000000,0.59321600,26669.78000000,0.22799500,25025.75000000,27015.82000000,25000.00000000,150.05034200,3908053.74582424
26669.78000000,26626.85000000,1539.77000000,6.126,26052.68516932,26673.33000000,0.00749700,26622.25000000,0.00041000,26647.63000000,0.18410600,25133.56000000,27015.82000000,25000.00000000,150.84509800,3929919.84752939
26647.63000000,26622.25000000,1572.32000000,6.278,26071.30604122,26616.32000000,0.00300000,26611.53000000,0.00332000,26617.39000000,0.00426600,25044.00000000,27015.82000000,25000.00000000,153.10310800,3991597.98452951
26617.39000000,26611.53000000,1687.48000000,6.740,26116.38571647,26722.43000000,0.00300000,26719.50000000,0.43195000,26722.84000000,0.00360300,25034.95000000,27015.82000000,25034.95000000,154.83316600,4043682.68495830
26722.84000000,26719.50000000,1486.30000000,5.909,26148.49044274,26639.47000000,0.06525300,26638.52000000,0.00379300,26648.01000000,0.00489600,25153.17000000,27015.82000000,25042.18000000,163.37891300,4272111.94512570
26648.01000000,26638.52000000,1640.63000000,6.532,26154.94018666,26757.15000000,0.00300300,26758.74000000,0.00499900,26765.13000000,0.00376000,25116.52000000,27015.82000000,25042.18000000,165.06280500,4317207.79181714
26765.13000000,26758.74000000,1560.62000000,6.202,26172.14825470,26724.35000000,0.00447600,26758.54000000,0.00383200,26765.70000000,0.00457600,25163.73000000,27015.82000000,25042.18000000,169.30011000,4430947.57845749
26765.70000000,26758.54000000,1544.68000000,6.128,26175.89717747,26752.55000000,0.00449200,26759.15000000,0.00496600,26760.49000000,0.19989800,25207.87000000,27015.82000000,25042.18000000,169.36034400,4433158.95048486
26760.49000000,26759.15000000,1604.65000000,6.366,26186.20203527,26810.33000000,0.00484900,26814.78000000,0.00312300,26821.09000000,0.00446400,25205.68000000,27015.82000000,25042.18000000,168.88053400,4422339.78314784
26821.09000000,26814.78000000,1599.90000000,6.372,26191.19611511,26707.93000000,0.00182000,26705.74000000,0.00403900,26712.14000000,0.00485000,25108.03000000,27015.82000000,25042.18000000,168.14450500,4403905.70613365
26712.14000000,26705.74000000,1337.49000000,5.289,26200.17896200,26627.49000000,0.04410100,26650.84000000,0.00413700,26657.37000000,0.00398800,25290.00000000,27015.82000000,25042.18000000,167.14226800,4379157.33371397
26657.37000000,26650.84000000,1450.94000000,5.748,26203.33273909,26693.40000000,0.03383200,26670.00000000,0.18000000,26672.59000000,0.00396000,25242.46000000,27015.82000000,25042.18000000,167.35008300,4385129.90876367
26672.59000000,26670.00000000,1138.26000000,4.501,26215.22825780,26426.00000000,0.00378400,26418.31000000,0.00041400,26418.32000000,0.18454200,25287.74000000,27015.82000000,25042.18000000,168.42812000,4415381.61083201
26418.32000000,26418.31000000,1288.74000000,5.110,26219.24879305,26510.04000000,0.08029600,26567.14000000,0.00349800,26573.89000000,0.00491200,25221.30000000,27015.82000000,25042.18000000,169.42245700,4442129.55121233
26573.89000000,26567.14000000,1347.69000000,5.360,26232.18869042,26488.79000000,0.04810900,26469.45000000,0.00331600,26471.07000000,0.00416600,25141.10000000,27015.82000000,25042.18000000,167.73089400,4399948.46062042
26471.07000000,26469.45000000,1250.74000000,4.959,26236.75824043,26470.77000000,0.00424000,26492.83000000,0.00305600,26499.61000000,0.00429000,25220.03000000,27015.82000000,25042.18000000,167.74193200,4401004.51666647
26499.61000000,26492.83000000,1170.51000000,4.644,26239.04214105,26375.78000000,0.00038800,26373.21000000,0.00041400,26374.53000000,0.00491900,25205.27000000,27015.82000000,25042.18000000,168.34904900,4417317.79111617
26374.53000000,26373.21000000,1140.39000000,4.516,26251.65035095,26392.05000000,0.03172500,26404.49000000,0.00400800,26411.72000000,0.00458200,25251.66000000,27015.82000000,25042.18000000,166.79472100,4378636.69607606
26411.72000000,26404.49000000,1157.97000000,4.578,26271.06697489,26454.16000000,0.00970400,26446.61000000,0.00455700,26453.00000000,0.00410900,25296.19000000,27015.82000000,25042.18000000,163.99947700,4308441.24411350
26453.00000000,26446.61000000,1189.07000000,4.707,26274.54645593,26451.09000000,0.00262100,26452.62000000,0.00313200,26453.95000000,0.23470100,25262.02000000,27015.82000000,25042.18000000,163.60149400,4298555.05436256
26453.95000000,26452.62000000,1363.65000000,5.411,26275.44209983,26563.65000000,0.03094500,26513.81000000,0.00433800,26520.08000000,0.00466900,25200.00000000,27015.82000000,25042.18000000,163.89097500,4306307.82429702
26520.08000000,26513.81000000,1350.31000000,5.358,26276.52754500,26550.31000000,0.08431000,26497.51000000,0.20252800,26545.55000000,0.56247800,25200.00000000,27015.82000000,25042.18000000,164.62656700,4325814.52241409
26545.55000000,26497.51000000,1259.25000000,4.997,26276.81715569,26459.25000000,0.07633100,26502.06000000,0.00488500,26508.13000000,0.00376300,25200.00000000,27015.82000000,25042.18000000,164.86931200,4332240.76600892
26508.13000000,26502.06000000,1197.07000000,4.750,26277.72026610,26397.07000000,0.00387500,26395.75000000,0.00041400,26397.07000000,0.00357400,25200.00000000,27015.82000000,25042.18000000,165.75623100,4355695.87058060
26397.07000000,26395.75000000,1070.18000000,4.232,26277.93521408,26355.16000000,0.00189700,26328.19000000,0.07604900,26329.51000000,0.00311700,25284.98000000,27015.82000000,25042.18000000,165.85068500,4358213.55564051
26329.51000000,26328.19000000,1026.60000000,4.037,26291.88963396,26455.69000000,0.00432500,26480.99000000,0.00460000,26487.35000000,0.22876500,25429.09000000,27015.82000000,25042.18000000,163.60005000,4301354.45871079
26487.35000000,26480.99000000,1061.47000000,4.175,26316.86539272,26487.97000000,0.00039000,26502.25000000,0.00499600,26509.29000000,0.16214800,25426.50000000,27015.82000000,25042.18000000,159.42822000,4195651.00554099
26509.29000000,26502.25000000,1130.78000000,4.459,26322.04252894,26487.97000000,0.15403900,26456.78000000,0.00166300,26458.11000000,0.00404700,25357.19000000,27015.82000000,25042.18000000,160.15708700,4215661.65532487
26458.11000000,26456.78000000,1234.20000000,4.865,26329.31299818,26605.50000000,0.11552900,26605.50000000,0.26031200,26605.51000000,0.23358800,25371.30000000,27015.82000000,25042.18000000,160.20656600,4218128.82057837
26605.51000000,26605.50000000,1458.18000000,5.793,26350.06578953,26630.58000000,0.06095000,26629.24000000,0.00305300,26630.58000000,0.13995400,25172.40000000,27015.82000000,25042.18000000,158.64643300,4180343.94682500
26630.58000000,26629.24000000,1522.39000000,6.065,26374.33322719,26624.66000000,0.00322500,26624.66000000,0.00381500,26626.00000000,0.00375600,25102.27000000,27015.82000000,25042.18000000,156.39983500,4124941.36496765
26626.00000000,26624.66000000,1373.54000000,5.452,26390.43363009,26565.70000000,0.00340800,26531.41000000,0.00041200,26532.91000000,0.00451300,25192.16000000,27015.82000000,25042.18000000,155.47449100,4103039.23590685
26532.91000000,26531.41000000,1310.31000000,5.192,26400.73205184,26549.21000000,0.03330700,26536.71000000,0.00436000,26549.21000000,0.16760000,25238.90000000,27015.82000000,25042.18000000,155.38348800,4102237.83196870
26549.21000000,26536.71000000,1409.18000000,5.600,26406.48685830,26573.27000000,0.00312400,26564.26000000,0.00391100,26570.92000000,0.00328600,25164.09000000,27015.82000000,25042.18000000,155.66018000,4110438.49753079
26570.92000000,26564.26000000,1365.36000000,5.430,26443.84969153,26511.03000000,0.00411100,26514.57000000,0.00341900,26520.87000000,0.00343700,25145.67000000,27015.82000000,25042.18000000,151.32474200,4001608.73205821
26520.87000000,26514.57000000,1475.14000000,5.866,26451.35402725,26622.62000000,0.00441000,26604.40000000,0.00334500,26611.58000000,0.00410800,25147.48000000,27015.82000000,25096.15000000,152.52377400,4034460.34364632
26611.58000000,26604.40000000,1507.95000000,5.985,26459.27548503,26705.38000000,0.00377000,26716.82000000,0.18132000,26716.83000000,0.00041100,25197.43000000,27015.82000000,25176.84000000,154.01501300,4075125.65779698
26716.83000000,26716.82000000,1689.49000000,6.693,26466.97038185,26931.72000000,0.00044400,26930.37000000,0.00391000,26942.67000000,0.00043300,25242.23000000,27015.82000000,25233.52000000,155.47386700,4114922.23304045
26942.67000000,26930.37000000,1674.88000000,6.629,26484.35722902,26942.59000000,0.00222600,26957.55000000,0.00460500,26964.16000000,0.00313700,25267.71000000,27015.82000000,25233.52000000,158.25069100,4191167.83218364
26964.16000000,26957.55000000,1702.16000000,6.729,26491.87421181,26997.00000000,0.01463100,26940.00000000,0.60259800,26980.85000000,0.19263400,25294.84000000,27015.82000000,25233.52000000,160.47100900,4251177.78506966
26980.85000000,26940.00000000,1737.58000000,6.879,26515.88446328,26997.14000000,0.01195300,26966.78000000,0.18997800,26968.13000000,0.00380400,25259.56000000,27074.20000000,25259.56000000,163.88630100,4345590.22243045
26968.13000000,26966.78000000,1840.31000000,7.276,26538.56920313,27131.78000000,0.01546300,27080.93000000,0.50690700,27127.76000000,0.19482800,25291.47000000,27182.12000000,25291.47000000,165.84556100,4401303.89763021
27127.76000000,27080.93000000,1125.75000000,4.431,26538.58330953,26529.21000000,0.00759100,26491.26000000,0.16726000,26517.76000000,0.21015700,25403.46000000,27182.12000000,25295.05000000,172.87502200,4587858.17348430
26517.76000000,26491.26000000,1382.82000000,5.452,26552.75966272,26745.66000000,0.00300300,26745.66000000,0.00189400,26747.00000000,0.00752900,25362.84000000,27182.12000000,25340.00000000,173.62231700,4610151.65538579
26747.00000000,26745.66000000,1282.86000000,5.055,26561.11156479,26661.57000000,0.00300000,26661.57000000,0.05108600,26676.05000000,0.10974100,25378.71000000,27182.12000000,25372.52000000,176.94928200,4699969.62051214
26676.05000000,26661.57000000,939.54000000,3.683,26572.49830038,26451.80000000,0.41271400,26508.53000000,0.00317000,26521.22000000,0.23512300,25512.26000000,27182.12000000,25484.19000000,181.40075000,4820271.12106211
26521.22000000,26508.53000000,112.96000000,0.442,26546.25824852,25690.53000000,0.24229100,25690.53000000,0.05770900,25757.62000000,0.21156900,25577.57000000,27182.12000000,25501.02000000,196.79889600,5224274.31623963
25757.62000000,25690.53000000,279.12000000,1.089,26521.31644585,25906.46000000,0.02515900,25916.92000000,0.21000100,25950.21000000,0.00776100,25627.34000000,27182.12000000,25412.60000000,203.96675700,5409466.90683034
25950.21000000,25916.92000000,-352.30000000,-1.371,26485.97933551,25347.70000000,0.00544400,25331.38000000,0.39476800,25439.02000000,0.50307900,25700.00000000,27182.12000000,25347.70000000,212.33674300,5623946.58726722
25439.02000000,25331.38000000,-1046.77000000,-4.055,26422.93782581,24766.62000000,0.00083900,24731.44000000,0.00150000,24861.25000000,0.21496800,25813.39000000,27182.12000000,24766.62000000,221.84470200,5861788.76793223
24861.25000000,24731.44000000,-295.63000000,-1.146,26405.35185933,25505.60000000,0.01661100,25502.83000000,0.17544100,25535.80000000,0.17034000,25801.23000000,27182.12000000,24766.62000000,224.44552500,5926563.06087650
25535.80000000,25502.83000000,-256.50000000,-0.988,26390.82069061,25693.50000000,0.00153300,25670.21000000,0.00461300,25677.29000000,0.00405600,25950.00000000,27182.12000000,24766.62000000,227.91967500,6014987.27478740
25677.29000000,25670.21000000,-595.73000000,-2.276,26393.35643120,25575.32000000,0.00376100,25599.79000000,0.00480500,25601.08000000,0.19388400,26171.05000000,27182.12000000,24766.62000000,223.55588700,5900390.20788447
25601.08000000,25599.79000000,-389.55000000,-1.488,26392.27909393,25794.17000000,0.00464000,25790.06000000,1.11970000,25830.76000000,0.00332500,26183.72000000,27182.12000000,24766.62000000,221.62448600,5849175.28855997
25830.76000000,25790.06000000,-368.48000000,-1.405,26389.82525458,25860.70000000,0.33886000,25819.39000000,0.19098900,25873.88000000,0.20729100,26229.18000000,27182.12000000,24766.62000000,221.40055900,5842722.06327730
25873.88000000,25819.39000000,2.57000000,0.010,26387.64632933,26389.09000000,0.00763100,26389.09000000,1.00233200,26397.94000000,0.00762900,26386.52000000,27182.12000000,24766.62000000,219.27351200,5786111.88404608
26397.94000000,26389.09000000,-406.31000000,-1.523,26375.54956551,26267.95000000,0.00425800,26261.63000000,0.20671700,26285.23000000,0.17223400,26674.26000000,27182.12000000,24766.62000000,216.51248700,5710635.83242090
26285.23000000,26261.63000000,-450.42000000,-1.675,26356.93508847,26447.74000000,0.00885200,26377.05000000,0.89103700,26428.34000000,0.22346200,26898.16000000,27182.12000000,24766.62000000,210.11141200,5537892.84743140
26428.34000000,26377.05000000,-209.26000000,-0.783,26350.00694502,26512.98000000,0.00306500,26478.73000000,0.00328700,26485.75000000,0.00406900,26722.24000000,27182.12000000,24766.62000000,208.26339900,5487742.01004421
26485.75000000,26478.73000000,-232.19000000,-0.875,26346.77624101,26303.22000000,0.00489200,26263.34000000,0.00437200,26270.69000000,0.00499000,26535.41000000,27182.12000000,24766.62000000,199.65639000,5260302.23241790
26270.69000000,26263.34000000,25.08000000,0.095,26343.68200454,26368.63000000,0.20827000,26281.22000000,0.79233200,26337.48000000,0.17073600,26343.55000000,27182.12000000,24766.62000000,196.69814000,5181753.25104357
26337.48000000,26281.22000000,-607.96000000,-2.281,26336.63745674,26042.80000000,0.20411100,26037.31000000,0.87228900,26077.20000000,0.56148200,26650.76000000,27182.12000000,24766.62000000,196.76098700,5182022.78024915
26077.20000000,26037.31000000,-675.69000000,-2.535,26332.61748689,25980.60000000,0.00463600,25923.05000000,1.20292100,25958.63000000,0.16036200,26656.29000000,27182.12000000,24766.62000000,197.07560100,5189516.41713226
25958.63000000,25923.05000000,-333.69000000,-1.264,26330.08629861,26068.33000000,0.06595300,26068.75000000,0.00331100,26075.28000000,0.00445100,26402.02000000,27182.12000000,24766.62000000,197.16542000,5191382.52370265
26075.28000000,26068.75000000,-212.96000000,-0.812,26330.03095848,26000.81000000,0.00358000,26018.27000000,0.00341800,26025.21000000,0.00394500,26213.77000000,27182.12000000,24766.62000000,195.51138900,5147820.92510497
26025.21000000,26018.27000000,-719.71000000,-2.732,26329.40170445,25625.14000000,0.00150000,25632.89000000,0.86524900,25669.24000000,0.22608300,26344.85000000,27182.12000000,24766.62000000,193.69209600,5099797.00256077
25669.24000000,25632.89000000,-577.73000000,-2.188,26326.48945864,25825.54000000,0.00044400,25830.75000000,0.79224200,25832.04000000,0.06000000,26403.27000000,27182.12000000,24766.62000000,193.95485400,5106150.41928337
25832.04000000,25830.75000000,-901.75000000,-3.394,26322.76471707,25666.89000000,0.00044400,25638.88000000,1.08316100,25651.55000000,0.19844000,26568.64000000,27182.12000000,24766.62000000,191.78172300,5048225.17156293
25651.55000000,25638.88000000,-525.66000000,-1.982,26318.95852901,25997.17000000,0.00417900,25996.87000000,0.94550400,25998.16000000,0.44329700,26522.83000000,27182.12000000,24766.62000000,192.40868500,5063996.20113635
25998.16000000,25996.87000000,-578.18000000,-2.192,26311.24270729,25795.03000000,0.00314400,25806.78000000,0.76960100,25808.07000000,0.19619400,26373.21000000,27182.12000000,24766.62000000,192.54724400,5066157.26950403
25808.07000000,25806.78000000,-479.19000000,-1.823,26305.83016531,25803.38000000,0.33277100,25745.15000000,0.71851600,25745.16000000,0.17765200,26282.57000000,27182.12000000,24766.62000000,193.03017800,5077819.07924762
25745.16000000,25745.15000000,-703.94000000,-2.664,26301.74730178,25721.48000000,0.00437000,25669.46000000,1.19838000,25721.20000000,0.21218000,26425.42000000,27182.12000000,24766.62000000,193.86014300,5098860.49307269
25721.20000000,25669.46000000,-694.59000000,-2.649,26298.54733317,25521.36000000,0.00348500,25532.90000000,0.00379000,25540.58000000,0.00365000,26215.95000000,27182.12000000,24766.62000000,194.14307900,5105680.95248900
25540.58000000,25532.90000000,-566.83000000,-2.157,26297.02926709,25710.31000000,0.00352000,25753.29000000,0.00303700,25760.18000000,0.00459200,26277.14000000,27182.12000000,24766.62000000,193.53939000,5089511.00316410
25760.18000000,25753.29000000,-504.59000000,-1.921,26295.94044054,25756.03000000,0.06306900,25796.85000000,0.00393100,25803.27000000,0.00300400,26260.62000000,27182.12000000,24766.62000000,193.54254600,5089383.26232555
25803.27000000,25796.85000000,-453.69000000,-1.722,26294.43113247,25899.07000000,0.12814200,25899.20000000,0.21953600,25968.00000000,0.53120400,26352.76000000,27182.12000000,24766.62000000,193.46049700,5086933.71522063
25968.00000000,25899.20000000,-278.42000000,-1.059,26294.04019991,26006.04000000,0.06644100,25984.20000000,0.00044400,26002.89000000,0.22024100,26284.46000000,27182.12000000,24766.62000000,193.09924300,5077359.25801339
26002.89000000,25984.20000000,-571.90000000,-2.162,26290.39163283,25879.80000000,0.00404000,25898.96000000,0.00316500,25907.35000000,0.22139600,26451.70000000,27182.12000000,24766.62000000,195.69715100,5144954.74121974
25907.35000000,25898.96000000,-639.63000000,-2.407,26289.26509855,25934.95000000,0.00432800,25873.39000000,0.00378800,25881.30000000,0.00330400,26574.58000000,27182.12000000,24766.62000000,195.77021300,5146655.02795691
25881.30000000,25873.39000000,-714.72000000,-2.690,26286.14134506,25850.74000000,0.00387600,25842.21000000,0.00336200,25850.24000000,0.00373800,26565.46000000,27182.12000000,24766.62000000,195.36205000,5135314.45976022
25850.24000000,25842.21000000,-718.17000000,-2.697,26284.28040437,25913.34000000,0.01281700,25941.11000000,0.00452200,25947.36000000,0.00361600,26631.51000000,27182.12000000,24766.62000000,194.79937700,5120161.44766401
25947.36000000,25941.11000000,-725.74000000,-2.719,26282.33569822,25968.27000000,0.00424400,25980.00000000,0.07698200,25981.30000000,0.00427100,26694.01000000,27182.12000000,24766.62000000,193.83136700,5094341.05633819
25981.30000000,25980.00000000,-585.06000000,-2.194,26279.58044451,26085.12000000,0.00474200,26108.69000000,0.00471600,26110.00000000,0.00400700,26670.18000000,27182.12000000,24766.62000000,193.04975800,5073266.64515337
26110.00000000,26108.69000000,-515.35000000,-1.940,26277.69642444,26051.29000000,0.00309200,26033.03000000,0.00451500,26036.03000000,0.00408600,26566.64000000,27182.12000000,24766.62000000,192.60263300,5061153.52052195
26036.03000000,26033.03000000,-537.08000000,-2.025,26273.66232539,25986.66000000,0.03882100,26000.40000000,0.00385100,26002.10000000,0.18898600,26523.74000000,27182.12000000,24766.62000000,191.89966500,5041906.99856587
26002.10000000,26000.40000000,-435.72000000,-1.646,26271.87717150,26034.92000000,0.00923600,26100.29000000,0.00444900,26101.60000000,0.61245200,26470.64000000,27182.12000000,24766.62000000,191.56002300,5032641.39522647
26101.60000000,26100.29000000,-525.99000000,-1.981,26270.12235443,26021.42000000,0.00031900,26021.42000000,0.20321100,26056.72000000,0.00460700,26547.41000000,27182.12000000,24766.62000000,193.16208900,5074391.71226774
26056.72000000,26021.42000000,-778.90000000,-2.929,26269.12563099,25810.76000000,0.00490200,25798.04000000,0.00581400,25799.55000000,0.18715900,26589.66000000,27182.12000000,24766.62000000,192.79402100,5064530.35855194
25799.55000000,25798.04000000,-888.94000000,-3.332,26266.57397018,25787.31000000,0.00416000,25774.69000000,0.20232800,25826.64000000,0.50831700,26676.25000000,27182.12000000,24766.62000000,193.12623800,5072764.61600936
25826.64000000,25774.69000000,-982.62000000,-3.680,26260.23357412,25722.28000000,0.10797000,25690.57000000,0.00421100,25697.91000000,0.00345400,26704.90000000,27182.12000000,24766.62000000,194.50488400,5107743.68514717
25697.91000000,25690.57000000,-1339.03000000,-4.974,26256.06998151,25579.70000000,0.00420300,25564.78000000,0.00398500,25572.29000000,0.00371400,26918.73000000,27182.12000000,24766.62000000,194.74435100,5113221.30835940
25572.29000000,25564.78000000,-1270.23000000,-4.717,26247.66969810,25659.34000000,0.00366100,25664.56000000,0.00486200,25666.89000000,0.00044400,26929.57000000,27182.12000000,24766.62000000,196.22622300,5150481.08741020
25666.89000000,25664.56000000,-1397.45000000,-5.178,26239.70358847,25589.20000000,0.00360500,25577.01000000,0.00412700,25582.86000000,0.00341900,26986.65000000,27182.12000000,24766.62000000,195.65273800,5133869.85139225
25582.86000000,25577.01000000,-1309.75000000,-4.894,26218.72717375,25450.26000000,0.01720800,25405.63000000,0.00358500,25412.91000000,0.00407500,26760.01000000,27182.12000000,24766.62000000,199.70855100,5236104.01293387
25412.91000000,25405.63000000,-1279.58000000,-4.757,26203.59091472,25618.04000000,0.00589600,25617.84000000,0.00424700,25619.13000000,0.00589500,26897.62000000,27182.12000000,24766.62000000,195.64669400,5126645.93339300
25619.13000000,25617.84000000,-1111.60000000,-4.161,26190.76379064,25604.54000000,0.00436700,25603.25000000,0.01879700,25604.54000000,0.00346400,26716.14000000,27182.12000000,24766.62000000,193.34520200,5063858.51563537
25604.54000000,25603.25000000,-1115.28000000,-4.167,26176.89648843,25647.25000000,0.00479000,25596.87000000,0.00371000,25605.09000000,0.00318300,26762.53000000,27182.12000000,24766.62000000,190.96792000,4998947.47445090
25605.09000000,25596.87000000,-1062.38000000,-3.994,26168.30057613,25538.46000000,0.00259800,25493.11000000,0.00379100,25505.14000000,0.23851500,26600.84000000,27182.12000000,24766.62000000,191.41738200,5009067.58767097
25505.14000000,25493.11000000,-996.21000000,-3.748,26159.61755270,25580.91000000,0.00396200,25573.11000000,0.00394800,25579.28000000,0.00336800,26577.12000000,27182.12000000,24766.62000000,188.41652500,4928904.23460806
25579.28000000,25573.11000000,-995.99000000,-3.728,26144.65301072,25723.51000000,0.00587200,25723.67000000,0.00369500,25724.96000000,0.00587100,26719.50000000,27182.12000000,24766.62000000,183.39574900,4794818.22124641
25724.96000000,25723.67000000,-958.97000000,-3.601,26116.80010416,25674.69000000,0.00394700,25668.29000000,0.00045600,25669.58000000,0.00369200,26633.66000000,27182.12000000,24766.62000000,175.22618800,4576347.32500944
25669.58000000,25668.29000000,-1057.94000000,-3.959,26109.70940648,25665.60000000,0.00495800,25638.35000000,0.00384500,25645.64000000,0.00493400,26723.54000000,27182.12000000,24766.62000000,173.81734600,4538320.39386488
25645.64000000,25638.35000000,-1148.92000000,-4.297,26091.60957074,25589.24000000,0.03415700,25556.55000000,0.01017400,25557.83000000,0.00313400,26738.16000000,27182.12000000,24766.62000000,169.72249000,4428332.94445317
25557.83000000,25556.55000000,-1318.94000000,-4.928,26089.33095313,25442.92000000,0.00521600,25442.58000000,0.00046000,25449.79000000,0.00480200,26761.86000000,27182.12000000,24766.62000000,169.44066200,4420593.50783573
25449.79000000,25442.58000000,-1343.47000000,-5.016,26084.41323060,25440.49000000,0.00285700,25427.09000000,0.01241400,25428.37000000,0.00438200,26783.96000000,27182.12000000,24766.62000000,169.08203300,4410405.61864195
25428.37000000,25427.09000000,-1321.49000000,-4.951,26083.08377380,25367.78000000,0.00046200,25352.81000000,0.00591600,25359.00000000,0.17542700,26689.27000000,27182.12000000,24766.62000000,169.33201400,4416701.10674829
25359.00000000,25352.81000000,-1381.39000000,-5.189,26076.37829741,25240.86000000,0.00594200,25235.98000000,0.00398500,25243.09000000,0.00432300,26622.25000000,27182.12000000,24766.62000000,169.52608700,4420626.37589184
25243.09000000,25235.98000000,-1259.70000000,-4.720,26070.10173694,25428.53000000,0.00499400,25398.74000000,0.00304700,25405.45000000,0.00300500,26688.23000000,27182.12000000,24766.62000000,170.62212600,4448136.18339249
25405.45000000,25398.74000000,-1007.80000000,-3.816,26058.99200307,25399.66000000,0.00407500,25391.99000000,0.00365400,25398.98000000,0.00300900,26407.46000000,27182.12000000,24766.62000000,168.94766000,4402605.72087743
25398.98000000,25391.99000000,-1370.36000000,-5.163,26050.82416753,25171.14000000,0.00086200,25179.44000000,0.23920100,25224.22000000,0.17393400,26541.50000000,27182.12000000,24766.62000000,169.08647200,4404841.95117965
25224.22000000,25179.44000000,-1453.52000000,-5.494,26040.37948896,25001.26000000,0.00851100,25051.01000000,0.00339800,25052.27000000,0.00056700,26454.78000000,27182.12000000,24766.62000000,170.42996600,4438060.99093013
25052.27000000,25051.01000000,-1358.59000000,-5.127,26027.11863449,25141.41000000,0.00320300,25146.41000000,0.00471100,25152.71000000,0.00378300,26500.00000000,27182.12000000,24766.62000000,171.85162500,4472802.63140438
25152.71000000,25146.41000000,-1133.84000000,-4.298,26020.96194645,25244.18000000,0.00371300,25247.39000000,0.18371700,25252.64000000,0.00598100,26378.02000000,27182.12000000,24766.62000000,171.90297600,4473080.79697729
25252.64000000,25247.39000000,-1042.48000000,-3.949,26012.39662661,25359.36000000,0.00363300,25343.43000000,0.00448100,25345.58000000,0.00319500,26401.84000000,27182.12000000,24766.62000000,173.11753900,4503202.08748991
25345.58000000,25343.43000000,-1264.27000000,-4.782,26009.38038485,25174.89000000,0.04809500,25156.22000000,1.06265000,25220.64000000,0.23516900,26439.16000000,27182.12000000,24766.62000000,173.26629400,4506548.94851962
25220.64000000,25156.22000000,-1171.20000000,-4.421,26005.09614262,25318.33000000,0.18992500,25302.30000000,0.58654000,25303.57000000,0.00372600,26489.53000000,27182.12000000,24766.62000000,174.02820100,4525620.09853192
25303.57000000,25302.30000000,-1159.11000000,-4.369,26000.64773557,25371.32000000,0.00359800,25406.31000000,0.00459200,25412.53000000,0.00454200,26530.43000000,27182.12000000,24766.62000000,174.66664700,4541445.95980081
25412.53000000,25406.31000000,-993.62000000,-3.749,25997.57882025,25506.96000000,0.00303000,25502.19000000,0.00487400,25508.24000000,0.00044400,26500.58000000,27182.12000000,24766.62000000,174.22922600,4529538.03572640
25508.24000000,25502.19000000,-883.30000000,-3.336,25990.90145046,25592.29000000,0.00904400,25606.27000000,0.00349900,25607.56000000,0.42660900,26475.59000000,27182.12000000,24766.62000000,176.39341800,4584623.94374800
25607.56000000,25606.27000000,-791.36000000,-2.996,25987.39474500,25619.37000000,0.00401200,25593.67000000,0.23840800,25631.67000000,0.18611400,26410.73000000,27182.12000000,24766.62000000,176.16231100,4577999.51514893
25631.67000000,25593.67000000,-503.96000000,-1.914,25986.31035017,25824.23000000,0.00300000,25824.23000000,0.00119100,25825.53000000,0.00323800,26328.19000000,27182.12000000,24766.62000000,176.49037900,4586333.76251370
25825.53000000,25824.23000000,-749.87000000,-2.832,25984.45576328,25726.22000000,0.00352600,25731.33000000,0.00345700,25739.51000000,0.00458600,26476.09000000,27182.12000000,24766.62000000,177.46822600,4611415.26788438
25739.51000000,25731.33000000,-838.68000000,-3.164,25982.38862381,25668.18000000,0.00372500,25716.62000000,0.19280500,25742.09000000,0.00405000,26506.86000000,27182.12000000,24766.62000000,178.20330000,4630147.39464526
25742.09000000,25716.62000000,-726.98000000,-2.748,25977.90798842,25731.13000000,0.00300000,25731.13000000,0.12051000,25732.84000000,0.00319800,26458.11000000,27182.12000000,24766.62000000,177.23024500,4604070.99737540
25732.84000000,25731.13000000,-602.29000000,-2.264,25973.91345441,26003.21000000,0.00300000,26041.87000000,0.00354000,26048.54000000,0.00459000,26605.50000000,27182.12000000,24766.62000000,177.50351800,4610461.01438609
26048.54000000,26041.87000000,-612.29000000,-2.298,25969.66455260,26031.65000000,0.02551800,25994.42000000,0.00483900,25997.56000000,0.18315600,26643.94000000,27182.12000000,24766.62000000,176.83489700,4592342.95628405
25997.56000000,25994.42000000,-344.94000000,-1.296,25969.31780932,26281.06000000,0.00481200,26225.11000000,0.50000000,26287.17000000,0.00348900,26626.00000000,27182.12000000,24766.62000000,178.48144700,4635041.42021115
26287.17000000,26225.11000000,-411.68000000,-1.552,25966.18268570,26121.57000000,0.00542600,26129.61000000,0.00350800,26136.29000000,0.00347100,26533.25000000,27182.12000000,24766.62000000,177.78722000,4616455.43370199
26136.29000000,26129.61000000,-424.97000000,-1.602,25963.07388777,26110.30000000,0.03625700,26129.52000000,0.00387400,26142.85000000,0.00044400,26535.27000000,27182.12000000,24766.62000000,177.22781600,4601378.88177634
26142.85000000,26129.52000000,-509.64000000,-1.916,25960.82133432,26089.01000000,0.00300000,26116.88000000,0.00492500,26123.83000000,0.00362300,26598.65000000,27182.12000000,24766.62000000,177.18423800,4599848.34597627
26123.83000000,26116.88000000,-317.74000000,-1.199,25961.11924185,26191.00000000,0.00600000,26173.12000000,0.00496200,26180.03000000,0.00416900,26508.74000000,27182.12000000,24766.62000000,177.91228200,4618801.96759138
26180.03000000,26173.12000000,-611.20000000,-2.294,25955.59277686,26035.89000000,0.00306100,26001.94000000,0.00343900,26011.80000000,0.00347600,26647.09000000,27182.12000000,24766.62000000,177.11863400,4597219.13729719
26011.80000000,26001.94000000,-779.38000000,-2.919,25953.97310105,25920.62000000,0.00319300,25932.22000000,0.00322700,25934.82000000,0.18191700,26700.00000000,27182.12000000,24766.62000000,178.26144600,4626592.77443749
25934.82000000,25932.22000000,-995.53000000,-3.697,25937.53983563,25936.19000000,0.00128100,25876.98000000,0.15862900,25921.93000000,0.18842500,26931.72000000,27182.12000000,24766.62000000,175.66941200,4556432.37165125
25921.93000000,25876.98000000,-876.86000000,-3.254,25916.19275561,26074.38000000,0.03000000,26067.58000000,0.00301300,26070.34000000,0.00360000,26951.24000000,27182.12000000,24766.62000000,172.64040200,4474181.93563836
26070.34000000,26067.58000000,-911.93000000,-3.380,25902.98669732,26071.72000000,0.00442700,26020.62000000,0.21402300,26059.62000000,0.22495200,26983.65000000,27182.12000000,24766.62000000,170.88282500,4426375.54277483
26059.62000000,26020.62000000,-903.66000000,-3.351,25873.59448557,26064.47000000,0.00469800,26081.42000000,0.16558800,26109.58000000,0.51615600,26968.13000000,27182.12000000,24766.62000000,167.43218600,4332072.48439634
26109.58000000,26081.42000000,-1142.57000000,-4.214,25849.77327172,25970.46000000,0.00300000,25996.48000000,0.00321300,26009.24000000,0.00373400,27113.03000000,27180.63000000,24766.62000000,165.41982900,4276065.07429605
26009.24000000,25996.48000000,-489.17000000,-1.843,25821.85897718,26047.67000000,0.00300000,26038.44000000,0.00448600,26046.10000000,0.00487700,26536.84000000,26806.11000000,24766.62000000,159.69034300,4123501.51696344
26046.10000000,26038.44000000,-652.91000000,-2.441,25813.41909872,26092.75000000,0.00331200,26083.63000000,0.00517500,26097.63000000,0.23658000,26745.66000000,26806.11000000,24766.62000000,159.61101400,4120105.99715371
26097.63000000,26083.63000000,-751.41000000,-2.815,25791.07677110,25942.57000000,0.00198400,25942.57000000,0.72952700,25977.69000000,0.23748500,26693.98000000,26806.11000000,24766.62000000,156.09363900,4025823.02692926
25977.69000000,25942.57000000,-697.76000000,-2.634,25759.97271960,25792.22000000,0.00300000,25833.75000000,0.23472700,25853.08000000,0.19913800,26489.98000000,26602.39000000,24766.62000000,151.76629900,3909495.72199527
25853.08000000,25833.75000000,188.01000000,0.733,25706.68171911,25852.22000000,0.12848700,25825.30000000,0.21812600,25864.78000000,0.00353100,25664.21000000,26602.39000000,24766.62000000,134.47427700,3456887.43824590
25864.78000000,25825.30000000,-185.85000000,-0.717,25701.37892442,25728.56000000,0.00304800,25776.99000000,0.20913500,25825.54000000,0.00044400,25914.41000000,26602.39000000,24766.62000000,126.69328100,3256192.02215853
25825.54000000,25776.99000000,545.65000000,2.154,25707.70787078,25877.03000000,0.00300000,25886.44000000,0.23774200,25887.74000000,0.00318300,25331.38000000,26602.39000000,24766.62000000,117.76460700,3027458.11427371
25887.74000000,25886.44000000,1107.00000000,4.439,25779.07584445,26047.36000000,0.01689800,26019.75000000,0.02455800,26047.36000000,0.30825600,24940.36000000,26602.39000000,24940.36000000,110.76235000,2855351.02135965
26047.36000000,26019.75000000,621.92000000,2.429,25798.19956035,26224.28000000,0.00419800,26164.82000000,0.51165700,26166.13000000,0.00426500,25602.36000000,26602.39000000,25000.00000000,107.89485100,2783492.89763236
26166.13000000,26164.82000000,477.85000000,1.860,25814.13143746,26171.35000000,0.00371700,26142.85000000,0.00044400,26144.16000000,0.00461800,25693.50000000,26602.39000000,25000.00000000,104.50842900,2697794.32252850
26144.16000000,26142.85000000,535.99000000,2.092,25817.15967255,26159.47000000,0.00356100,26127.13000000,0.21536100,26159.93000000,0.17564600,25623.48000000,26602.39000000,25000.00000000,104.26873000,2691922.45126374
26159.93000000,26127.13000000,347.47000000,1.347,25819.74253361,26141.64000000,0.00300300,26158.73000000,0.17802900,26197.20000000,0.59866700,25794.17000000,26602.39000000,25000.00000000,104.26518300,2692100.18028023
26197.20000000,26158.73000000,65.65000000,0.254,25821.87456385,25926.35000000,0.00367000,25894.83000000,0.00327500,25901.05000000,0.00425100,25860.70000000,26602.39000000,25000.00000000,104.75513900,2704974.05917674
25901.05000000,25894.83000000,-592.14000000,-2.245,25817.37035599,25785.41000000,0.01681100,25846.20000000,0.00467600,25853.42000000,0.00443000,26377.55000000,26602.39000000,25000.00000000,103.34257300,2668033.48068198
25853.42000000,25846.20000000,-476.11000000,-1.810,25804.45749078,25825.54000000,0.00044400,25795.73000000,0.23975800,25806.99000000,0.22140300,26301.65000000,26602.39000000,25000.00000000,101.01594800,2606661.73605635
25806.99000000,25795.73000000,-555.62000000,-2.103,25798.18724236,25869.72000000,0.01099100,25892.25000000,0.00386100,25900.72000000,0.00420500,26425.34000000,26512.98000000,25000.00000000,100.84708300,2601671.93007954
25900.72000000,25892.25000000,-765.49000000,-2.895,25791.16206656,25676.85000000,0.00371100,25654.67000000,0.00383500,25661.56000000,0.00391700,26442.34000000,26442.34000000,25000.00000000,100.03223500,2579947.58476476
25661.56000000,25654.67000000,-516.02000000,-1.966,25788.64899531,25730.29000000,0.01554800,25729.00000000,0.00310400,25730.29000000,0.18938300,26246.31000000,26400.30000000,25000.00000000,99.71890700,2571615.89081926
25730.29000000,25729.00000000,-527.38000000,-2.006,25777.49355236,25761.66000000,0.00316300,25793.16000000,0.00477300,25800.39000000,0.00491800,26289.04000000,26384.30000000,25000.00000000,97.64472300,2517036.21755438
25800.39000000,25793.16000000,-141.58000000,-0.546,25763.32900930,25781.46000000,0.00402900,25780.17000000,0.20728700,25815.10000000,0.52112200,25923.04000000,26297.06000000,25000.00000000,94.72987800,2440557.01392474
25815.10000000,25780.17000000,-178.19000000,-0.684,25760.98757446,25874.34000000,0.00199200,25849.70000000,0.00310900,25864.20000000,0.00414900,26052.53000000,26297.06000000,25000.00000000,93.69134500,2413581.57437935
25864.20000000,25849.70000000,-384.57000000,-1.471,25758.94116309,25762.02000000,0.00497000,25735.60000000,0.00460800,25742.61000000,0.00405200,26146.59000000,26297.06000000,25000.00000000,93.23715900,2401690.49289451
25742.61000000,25735.60000000,-232.86000000,-0.898,25757.91079294,25690.18000000,0.00416700,25653.33000000,0.20693000,25715.15000000,0.16679500,25923.04000000,26297.06000000,25000.00000000,94.10598600,2423973.59246956
25715.15000000,25653.33000000,83.72000000,0.327,25759.83830610,25696.14000000,0.00408400,25737.77000000,0.00416100,25745.34000000,0.00365700,25612.42000000,26297.06000000,25000.00000000,92.83696300,2391465.15570941
25745.34000000,25737.77000000,-7.69000000,-0.030,25759.89016053,25750.27000000,0.00442100,25753.46000000,0.00372900,25754.75000000,0.21462500,25757.96000000,26297.06000000,25000.00000000,91.90768900,2367531.97354840
25754.75000000,25753.46000000,106.75000000,0.417,25759.43728979,25698.07000000,0.00280000,25707.52000000,0.00429000,25710.02000000,0.18236300,25591.32000000,26297.06000000,25000.00000000,92.79800100,2390424.28737735
25710.02000000,25707.52000000,-176.05000000,-0.677,25757.43841723,25820.82000000,0.00390400,25766.44000000,0.18186800,25813.24000000,0.22827500,25996.87000000,26297.06000000,25000.00000000,92.20116100,2374865.72645452
25813.24000000,25766.44000000,27.32000000,0.106,25753.70266083,25823.75000000,0.00415600,25842.58000000,0.00323000,25849.05000000,0.00484700,25796.43000000,26297.06000000,25000.00000000,89.99291400,2317650.74873776
25849.05000000,25842.58000000,203.51000000,0.792,25755.05940952,25914.09000000,0.00462600,25905.78000000,0.20939900,25923.04000000,0.00150000,25710.58000000,26297.06000000,25000.00000000,89.07399200,2294105.95580297
25923.04000000,25905.78000000,190.42000000,0.742,25753.84682786,25857.31000000,0.00280200,25856.01000000,0.21187100,25857.31000000,0.00384300,25666.89000000,26297.06000000,25000.00000000,87.57799400,2255470.24296712
25857.31000000,25856.01000000,300.18000000,1.172,25756.89699767,25923.04000000,0.00150000,25921.74000000,0.00385300,25941.52000000,0.00474300,25622.86000000,26297.06000000,25000.00000000,87.45792700,2252644.81736873
25941.52000000,25921.74000000,106.23000000,0.412,25757.42732368,25904.87000000,0.00044400,25861.34000000,0.00318900,25874.55000000,0.00399700,25798.64000000,26297.06000000,25000.00000000,86.93786200,2239295.66214133
25874.55000000,25861.34000000,39.92000000,0.155,25757.57531457,25865.46000000,0.00795300,25839.61000000,0.22946300,25865.46000000,0.50487100,25825.54000000,26297.06000000,25000.00000000,86.80810900,2235966.40548269
25865.46000000,25839.61000000,72.82000000,0.281,25755.64207255,25941.37000000,0.00451800,25914.56000000,0.00358000,25922.24000000,0.00474700,25868.55000000,26297.06000000,25000.00000000,85.99307700,2214806.91192952
25922.24000000,25914.56000000,-1.60000000,-0.006,25755.46114085,25982.60000000,0.00300500,25958.25000000,0.00385400,25959.55000000,0.00417200,25984.20000000,26297.06000000,25000.00000000,85.95434600,2213793.81829006
25959.55000000,25958.25000000,102.31000000,0.396,25744.37153419,25959.64000000,0.00382800,25953.75000000,0.00458200,25955.21000000,0.00426200,25857.33000000,26297.06000000,25000.00000000,82.98779200,2136468.55004991
25955.21000000,25953.75000000,89.75000000,0.347,25744.28967495,25945.78000000,0.00451900,25932.20000000,0.00413700,25958.19000000,0.19223100,25856.03000000,26297.06000000,25000.00000000,82.88745700,2133878.70342807
25958.19000000,25932.20000000,91.29000000,0.353,25743.73126884,25968.77000000,0.00248600,26014.96000000,0.00354700,26016.27000000,0.00410300,25877.48000000,26297.06000000,25000.00000000,82.31750900,2119159.83041598
26016.27000000,26014.96000000,40.99000000,0.158,25743.65679757,25962.72000000,0.00384200,25963.52000000,0.00301700,25964.82000000,0.17160200,25921.73000000,26297.06000000,25000.00000000,82.20360300,2116221.34315530
25964.82000000,25963.52000000,-87.06000000,-0.335,25744.92040900,25897.14000000,0.00387100,25895.84000000,0.00479900,25897.14000000,0.45698600,25984.20000000,26297.06000000,25000.00000000,82.84971500,2132959.31858355
25897.14000000,25895.84000000,-309.32000000,-1.183,25744.20676485,25843.40000000,0.00453600,25849.53000000,0.00356800,25856.86000000,0.00467800,26152.72000000,26297.06000000,25000.00000000,82.77902500,2131080.33539261
25856.86000000,25849.53000000,-156.83000000,-0.602,25742.91725486,25897.14000000,0.02720500,25852.50000000,0.00462200,25860.62000000,0.00414400,26053.97000000,26297.06000000,25000.00000000,82.64844400,2127612.05513496
25860.62000000,25852.50000000,-12.98000000,-0.050,25742.01189023,25951.76000000,0.00459800,25960.52000000,0.00467600,25967.81000000,0.00393400,25964.74000000,26297.06000000,25000.00000000,82.49203300,2123510.89433556
25967.81000000,25960.52000000,-24.41000000,-0.094,25743.03803427,26075.88000000,0.00365500,26024.78000000,0.00467400,26033.54000000,0.00376300,26100.29000000,26297.06000000,25000.00000000,82.77901300,2130983.28009870
26033.54000000,26024.78000000,-34.94000000,-0.134,25738.50289970,25989.04000000,0.00823600,25987.74000000,0.00464500,25989.04000000,0.16618600,26023.98000000,26297.06000000,25000.00000000,81.71938600,2103334.65352310
25989.04000000,25987.74000000,218.85000000,0.848,25737.97414800,26018.18000000,0.00038600,25984.55000000,0.00375600,25987.78000000,0.18741000,25799.33000000,26297.06000000,25000.00000000,81.51699900,2098082.41288417
25987.78000000,25984.55000000,178.86000000,0.694,25738.29353164,25966.17000000,0.00322500,25933.31000000,0.00357200,25938.41000000,0.00465700,25787.31000000,26297.06000000,25000.00000000,81.11287100,2087706.88299181
25938.41000000,25933.31000000,289.90000000,1.128,25739.70473681,25979.22000000,0.00257900,25975.12000000,0.00377500,25979.22000000,0.00785100,25689.32000000,26297.06000000,25000.00000000,79.39311600,2043555.36397554
25979.22000000,25975.12000000,426.78000000,1.667,25741.33366298,26021.60000000,0.01579600,26000.00000000,0.06503100,26039.02000000,0.22470700,25594.82000000,26297.06000000,25000.00000000,78.79798400,2028365.19811406
26039.02000000,26000.00000000,487.67000000,1.907,25744.29194206,26062.21000000,0.03384300,26062.21000000,0.00372800,26063.52000000,0.00044400,25574.54000000,26297.06000000,25000.00000000,77.06461600,1983973.97270688
26063.52000000,26062.21000000,493.00000000,1.927,25750.79823340,26082.20000000,0.00473000,26028.26000000,0.45351600,26069.12000000,0.01057700,25589.20000000,26297.06000000,25000.00000000,77.22747000,1988668.99804557
26069.12000000,26028.26000000,779.45000000,3.075,25777.66810291,26130.31000000,0.00795500,26124.52000000,0.00438500,26130.31000000,0.19481300,25350.86000000,26297.06000000,25000.00000000,73.29327400,1889329.69134750
26130.31000000,26124.52000000,497.52000000,1.943,25780.05908597,26100.02000000,0.12987500,26080.00000000,0.38535200,26097.71000000,0.00314200,25602.50000000,26297.06000000,25000.00000000,73.03216000,1882773.39997638
26097.71000000,26080.00000000,464.00000000,1.812,25784.37663972,26067.25000000,0.04793700,26010.04000000,0.23081600,26035.14000000,0.00424500,25603.25000000,26297.06000000,25000.00000000,72.78153700,1876626.56242597
26035.14000000,26010.04000000,425.80000000,1.661,25791.08165319,26063.16000000,0.01673200,26063.16000000,0.02942100,26064.47000000,0.00381900,25637.36000000,26297.06000000,25000.00000000,72.16247600,1861148.31081267
26064.47000000,26063.16000000,304.26000000,1.190,25799.79869635,25882.00000000,0.01005600,25886.90000000,0.00435800,25894.01000000,0.00464300,25577.74000000,26297.06000000,25000.00000000,71.67486500,1849197.08858786
25894.01000000,25886.90000000,354.72000000,1.387,25801.29650395,25924.72000000,0.02000000,25935.72000000,0.00131000,25941.32000000,0.18384700,25570.00000000,26297.06000000,25000.00000000,71.79840800,1852492.01331977
25941.32000000,25935.72000000,95.56000000,0.372,25803.11461134,25809.60000000,0.00300300,25812.62000000,0.00467000,25820.12000000,0.00366400,25714.04000000,26297.06000000,25000.00000000,72.14853400,1861656.89184233
25820.12000000,25812.62000000,191.22000000,0.745,25803.88204233,25865.91000000,0.00300300,25848.95000000,0.16402200,25850.25000000,0.00475900,25674.69000000,26297.06000000,25000.00000000,71.91560200,1855701.71101124
25850.25000000,25848.95000000,233.33000000,0.909,25806.28561269,25898.93000000,0.00282300,25888.44000000,0.00380600,25895.06000000,0.00489700,25665.60000000,26297.06000000,25000.00000000,73.87040100,1906320.66653019
25895.06000000,25888.44000000,265.97000000,1.039,25807.56469665,25857.00000000,0.00355700,25825.54000000,0.00044400,25857.70000000,0.23930400,25591.03000000,26297.06000000,25000.00000000,73.72021000,1902539.08902548
25857.70000000,25825.54000000,435.41000000,1.711,25808.57961706,25879.99000000,0.03355100,25913.13000000,0.00451500,25920.54000000,0.00351600,25444.58000000,26297.06000000,25000.00000000,73.95832300,1908759.26748973
25920.54000000,25913.13000000,379.42000000,1.492,25811.30780135,25808.33000000,0.00827800,25815.49000000,0.00324200,25822.06000000,0.00488500,25428.91000000,26297.06000000,25000.00000000,74.08939600,1912344.20497230
25822.06000000,25815.49000000,546.57000000,2.155,25812.80521662,25914.35000000,0.02301100,25966.75000000,0.00479000,25973.15000000,0.00417500,25367.78000000,26297.06000000,25000.00000000,74.06623100,1911857.19393208
25973.15000000,25966.75000000,689.48000000,2.731,25819.28224672,25934.21000000,0.00280000,25915.02000000,0.00452200,25921.15000000,0.00350100,25244.73000000,26297.06000000,25000.00000000,73.29395600,1892397.33694246
25921.15000000,25915.02000000,572.13000000,2.250,25828.55003119,26001.04000000,0.00048400,25998.74000000,0.00303600,26005.31000000,0.00333600,25428.91000000,26297.06000000,25000.00000000,72.18687300,1864482.26087577
26005.31000000,25998.74000000,494.05000000,1.947,25834.99111211,25868.26000000,0.00434800,25865.70000000,0.21837200,25888.14000000,0.00339200,25374.21000000,26297.06000000,25000.00000000,71.72047200,1852897.75667612
25888.14000000,25865.70000000,744.85000000,2.958,25843.91589298,25924.29000000,0.00128200,25919.79000000,0.00471800,25924.29000000,0.17217700,25179.44000000,26297.06000000,25000.00000000,70.48402700,1821583.26558638
25924.29000000,25919.79000000,853.86000000,3.408,25864.09229330,25904.87000000,0.00600000,25920.10000000,0.00401700,25925.37000000,0.00651400,25051.01000000,26297.06000000,25000.00000000,70.07988200,1812552.53595152
25925.37000000,25920.10000000,714.16000000,2.840,25888.49625189,25862.63000000,0.00300000,25862.62000000,0.17422000,25900.00000000,2.00000000,25148.47000000,26297.06000000,25135.20000000,68.26091900,1767172.54568186
25900.00000000,25862.62000000,596.41000000,2.362,25896.99797416,25847.78000000,0.00300000,25842.17000000,0.00486800,25848.69000000,0.00401100,25251.37000000,26297.06000000,25147.90000000,67.60563400,1750782.96673955
25848.69000000,25842.17000000,490.11000000,1.933,25913.62262844,25849.47000000,0.00304800,25867.06000000,0.00435500,25872.71000000,0.02406500,25359.36000000,26297.06000000,25174.89000000,66.43613200,1721600.85354137
25872.71000000,25867.06000000,735.24000000,2.920,25917.14157131,25915.66000000,0.03652600,25913.67000000,0.00386200,25919.73000000,0.00434700,25180.42000000,26297.06000000,25177.44000000,67.73194300,1755418.35563057
25919.73000000,25913.67000000,334.64000000,1.321,25923.64965933,25666.70000000,0.00461200,25686.33000000,0.00470700,25693.36000000,0.00421900,25332.06000000,26297.06000000,25332.06000000,67.87715700,1759623.63793960
25693.36000000,25686.33000000,215.44000000,0.847,25930.36541780,25643.07000000,0.00300000,25640.00000000,0.06623800,25641.29000000,0.00445500,25427.63000000,26297.06000000,25416.22000000,67.15852400,1741445.06823989
25641.29000000,25640.00000000,217.26000000,0.852,25926.83302587,25725.50000000,0.00488700,25719.50000000,0.23650700,25741.02000000,0.18494300,25508.24000000,26297.06000000,25501.56000000,68.91521100,1786753.16853955
25741.02000000,25719.50000000,136.69000000,0.533,25938.19386239,25760.54000000,0.00300300,25746.25000000,0.00378400,25752.37000000,0.00374500,25623.85000000,26297.06000000,25538.39000000,67.15288200,1741824.47173423
25752.37000000,25746.25000000,137.66000000,0.537,25939.45503614,25764.47000000,0.00410600,25710.61000000,0.26374100,25749.39000000,0.19020600,25626.81000000,26297.06000000,25538.39000000,67.10875500,1740764.53285379
25749.39000000,25710.61000000,-131.06000000,-0.507,25940.34238497,25716.39000000,0.03380200,25716.39000000,0.05422400,25717.68000000,0.00403500,25847.45000000,26297.06000000,25619.71000000,66.95113200,1736735.28714155
25717.68000000,25716.39000000,-69.29000000,-0.269,25941.06126518,25658.58000000,0.00784600,25664.37000000,0.00476700,25670.60000000,0.00480600,25727.87000000,26297.06000000,25619.71000000,66.14273900,1715812.84464552
25670.60000000,25664.37000000,106.50000000,0.414,25943.11267802,25833.65000000,0.00373900,25842.80000000,0.00461500,25849.01000000,0.00451300,25727.15000000,26297.06000000,25619.71000000,65.45340000,1698064.93135983
25849.01000000,25842.80000000,319.07000000,1.241,25943.20750868,26034.04000000,0.01551600,25993.48000000,0.00314400,25999.81000000,0.00316600,25714.97000000,26297.06000000,25619.71000000,67.75533300,1757790.66383841
25999.81000000,25993.48000000,-22.44000000,-0.086,25946.31724888,26011.47000000,0.04181700,26025.00000000,0.00405700,26031.29000000,0.00488700,26033.91000000,26297.06000000,25619.71000000,68.02025500,1764875.11557996
26031.29000000,26025.00000000,-67.43000000,-0.259,25946.71773487,25989.06000000,0.00355400,26000.28000000,0.21152000,26006.06000000,0.19106200,26056.49000000,26297.06000000,25619.71000000,68.15940500,1768512.84251144
26006.06000000,26000.28000000,50.90000000,0.194,25942.03858203,26317.99000000,0.00462100,26317.59000000,0.00465900,26323.91000000,0.00319300,26267.09000000,26336.14000000,25619.71000000,66.41757700,1723007.34505888
26323.91000000,26317.59000000,108.54000000,0.415,25944.50431328,26258.54000000,0.00326300,26200.97000000,0.00341300,26207.46000000,0.00383400,26150.00000000,26358.87000000,25619.71000000,66.80031800,1733101.13847921
26207.46000000,26200.97000000,129.14000000,0.494,25945.07713602,26271.76000000,0.00300000,26291.98000000,0.00393600,26299.90000000,0.00350100,26142.62000000,26358.87000000,25619.71000000,66.68752900,1730213.08391568
26299.90000000,26291.98000000,-177.53000000,-0.679,25950.37113879,25976.52000000,0.00496800,25989.24000000,0.16076100,26024.40000000,0.17596400,26154.05000000,26358.87000000,25619.71000000,68.01221300,1764942.16932039
26024.40000000,25989.24000000,-184.16000000,-0.704,25945.16300983,25975.33000000,0.00341300,25959.65000000,0.23821600,25960.95000000,0.00311500,26159.49000000,26358.87000000,25619.71000000,67.39846300,1748664.10914701
25960.95000000,25959.65000000,61.25000000,0.236,25945.41250045,26062.06000000,0.00219700,26100.78000000,0.00381900,26109.94000000,0.00406900,26000.81000000,26358.87000000,25619.71000000,67.84864600,1760361.10806714
26109.94000000,26100.78000000,250.41000000,0.964,25951.22764134,26213.51000000,0.00462200,26168.90000000,0.46249300,26199.14000000,0.19387900,25963.10000000,26358.87000000,25619.71000000,68.11008900,1767540.42431121
26199.14000000,26168.90000000,175.36000000,0.676,25951.45255908,26110.61000000,0.00306000,26153.29000000,0.21398600,26163.00000000,0.20000000,25935.25000000,26358.87000000,25619.71000000,67.37631600,1748513.26827987
26163.00000000,26153.29000000,211.11000000,0.809,25955.88968965,26301.38000000,0.00428100,26313.09000000,0.00373600,26319.51000000,0.00363600,26090.27000000,26358.87000000,25619.71000000,68.10641000,1767762.46511787
26319.51000000,26313.09000000,208.80000000,0.802,25966.27193384,26246.02000000,0.00300000,26255.55000000,0.00471700,26262.08000000,0.00404000,26037.22000000,26358.87000000,25619.71000000,69.88761200,1814720.73799854
26262.08000000,26255.55000000,147.01000000,0.563,25966.15823481,26242.26000000,0.03607300,26290.20000000,0.00399000,26296.47000000,0.00327800,26095.25000000,26358.87000000,25619.71000000,68.98067600,1791163.14816024
26296.47000000,26290.20000000,183.97000000,0.707,25965.92851380,26192.26000000,0.00317200,26171.93000000,0.22721800,26202.80000000,0.00357000,26008.29000000,26358.87000000,25619.71000000,68.19192700,1770666.70169997
26202.80000000,26171.93000000,261.44000000,1.003,25967.15392078,26327.28000000,0.03595000,26348.08000000,0.00344700,26354.94000000,0.46644400,26065.84000000,26382.58000000,25619.71000000,67.16252400,1744019.59841610
26354.94000000,26348.08000000,141.47000000,0.542,25964.83999224,26256.80000000,0.03258500,26260.34000000,0.00356800,26267.56000000,0.00317700,26115.33000000,26382.58000000,25619.71000000,64.97264100,1687004.22743843
26267.56000000,26260.34000000,391.50000000,1.511,25965.89769864,26300.14000000,0.02334700,26320.71000000,0.00374900,26328.19000000,0.00320800,25908.64000000,26382.58000000,25619.71000000,64.90821300,1685400.01855939
